Workbook

Sheet Guide
A2: Case 1 workbook: reciprocal interaction
A5: 1. Run each YAML | B5: Run combined.yaml, extraction_only.yaml, and ates_only.yaml with --report and separate --workspace folders.
A6: 2. Open each output folder | B6: Every run creates report.html, timeseries.csv, energy.csv, recovery.csv, and stats.json.
A7: 3. Copy source data | B7: Copy combined/timeseries.csv to Combined time; extraction_only/timeseries.csv to Extraction time; combined/energy.csv to Combined energy; and ates_only/energy.csv to ATES energy.
A8: 4. Paste values only | B8: Paste each complete CSV, including its header row, into cell A1 of the matching yellow source sheet.
A9: 5. Review the analysis | B9: The Analysis sheet and its chart update from formulas. Do not paste into calculated sheets.
A10: Expected time rows | B10: 1920 data rows for the supplied 20-year fixed-step examples;
A11: Expected energy rows | B11: 39 data rows for active ATES states.

Sheet Combined time
A1: time | B1: temperature | C1: head

Sheet Extraction time
A1: time | B1: temperature | C1: head

Sheet Combined energy
A1: season | B1: well | C1: e_injected | D1: e_extracted | E1: efficiency

Sheet ATES energy
A1: season | B1: well | C1: e_injected | D1: e_extracted | E1: efficiency

Sheet Analysis
A2: Formula-driven temperature comparison
A4: Time [days] | B4: Time [years] | C4: Combined T [degC] | D4: Extraction-only T [degC] | E4: ATES effect [degC]
A5: =IF('Combined time'!A2="","",'Combined time'!A2) | B5: =IF(A5="","",A5/365) | C5: =IF('Combined time'!B2="","",'Combined time'!B2) | D5: =IF('Extraction time'!B2="","",'Extraction time'!B2) | E5: =IF(OR(C5="",D5=""),"",C5-D5)
A6: =IF('Combined time'!A3="","",'Combined time'!A3) | B6: =IF(A6="","",A6/365) | C6: =IF('Combined time'!B3="","",'Combined time'!B3) | D6: =IF('Extraction time'!B3="","",'Extraction time'!B3) | E6: =IF(OR(C6="",D6=""),"",C6-D6)
A7: =IF('Combined time'!A4="","",'Combined time'!A4) | B7: =IF(A7="","",A7/365) | C7: =IF('Combined time'!B4="","",'Combined time'!B4) | D7: =IF('Extraction time'!B4="","",'Extraction time'!B4) | E7: =IF(OR(C7="",D7=""),"",C7-D7)
A8: =IF('Combined time'!A5="","",'Combined time'!A5) | B8: =IF(A8="","",A8/365) | C8: =IF('Combined time'!B5="","",'Combined time'!B5) | D8: =IF('Extraction time'!B5="","",'Extraction time'!B5) | E8: =IF(OR(C8="",D8=""),"",C8-D8)
A9: =IF('Combined time'!A6="","",'Combined time'!A6) | B9: =IF(A9="","",A9/365) | C9: =IF('Combined time'!B6="","",'Combined time'!B6) | D9: =IF('Extraction time'!B6="","",'Extraction time'!B6) | E9: =IF(OR(C9="",D9=""),"",C9-D9)
A10: =IF('Combined time'!A7="","",'Combined time'!A7) | B10: =IF(A10="","",A10/365) | C10: =IF('Combined time'!B7="","",'Combined time'!B7) | D10: =IF('Extraction time'!B7="","",'Extraction time'!B7) | E10: =IF(OR(C10="",D10=""),"",C10-D10)
A11: =IF('Combined time'!A8="","",'Combined time'!A8) | B11: =IF(A11="","",A11/365) | C11: =IF('Combined time'!B8="","",'Combined time'!B8) | D11: =IF('Extraction time'!B8="","",'Extraction time'!B8) | E11: =IF(OR(C11="",D11=""),"",C11-D11)
A12: =IF('Combined time'!A9="","",'Combined time'!A9) | B12: =IF(A12="","",A12/365) | C12: =IF('Combined time'!B9="","",'Combined time'!B9) | D12: =IF('Extraction time'!B9="","",'Extraction time'!B9) | E12: =IF(OR(C12="",D12=""),"",C12-D12)
A13: =IF('Combined time'!A10="","",'Combined time'!A10) | B13: =IF(A13="","",A13/365) | C13: =IF('Combined time'!B10="","",'Combined time'!B10) | D13: =IF('Extraction time'!B10="","",'Extraction time'!B10) | E13: =IF(OR(C13="",D13=""),"",C13-D13)
A14: =IF('Combined time'!A11="","",'Combined time'!A11) | B14: =IF(A14="","",A14/365) | C14: =IF('Combined time'!B11="","",'Combined time'!B11) | D14: =IF('Extraction time'!B11="","",'Extraction time'!B11) | E14: =IF(OR(C14="",D14=""),"",C14-D14)
A15: =IF('Combined time'!A12="","",'Combined time'!A12) | B15: =IF(A15="","",A15/365) | C15: =IF('Combined time'!B12="","",'Combined time'!B12) | D15: =IF('Extraction time'!B12="","",'Extraction time'!B12) | E15: =IF(OR(C15="",D15=""),"",C15-D15)
A16: =IF('Combined time'!A13="","",'Combined time'!A13) | B16: =IF(A16="","",A16/365) | C16: =IF('Combined time'!B13="","",'Combined time'!B13) | D16: =IF('Extraction time'!B13="","",'Extraction time'!B13) | E16: =IF(OR(C16="",D16=""),"",C16-D16)
... A2004: =IF('Combined time'!A2001="","",'Combined time'!A2001) | B2004: =IF(A2004="","",A2004/365) | C2004: =IF('Combined time'!B2001="","",'Combined time'!B2001) | D2004: =IF('Extraction time'!B2001="","",'Extraction time'!B2001) | E2004: =IF(OR(C2004="",D2004=""),"",C2004-D2004)

Sheet Recovery
A2: Formula-driven recovery comparison
A4: Season | B4: Well | C4: With extraction [%] | D4: Without extraction [%] | E4: Difference [percentage points]
A5: =IF('Combined energy'!A2="","",'Combined energy'!A2) | B5: =IF('Combined energy'!B2="","",'Combined energy'!B2) | C5: =IF('Combined energy'!E2="","",'Combined energy'!E2) | D5: =IF('ATES energy'!E2="","",'ATES energy'!E2) | E5: =IF(OR(C5="",D5=""),"",C5-D5)
A6: =IF('Combined energy'!A3="","",'Combined energy'!A3) | B6: =IF('Combined energy'!B3="","",'Combined energy'!B3) | C6: =IF('Combined energy'!E3="","",'Combined energy'!E3) | D6: =IF('ATES energy'!E3="","",'ATES energy'!E3) | E6: =IF(OR(C6="",D6=""),"",C6-D6)
A7: =IF('Combined energy'!A4="","",'Combined energy'!A4) | B7: =IF('Combined energy'!B4="","",'Combined energy'!B4) | C7: =IF('Combined energy'!E4="","",'Combined energy'!E4) | D7: =IF('ATES energy'!E4="","",'ATES energy'!E4) | E7: =IF(OR(C7="",D7=""),"",C7-D7)
A8: =IF('Combined energy'!A5="","",'Combined energy'!A5) | B8: =IF('Combined energy'!B5="","",'Combined energy'!B5) | C8: =IF('Combined energy'!E5="","",'Combined energy'!E5) | D8: =IF('ATES energy'!E5="","",'ATES energy'!E5) | E8: =IF(OR(C8="",D8=""),"",C8-D8)
A9: =IF('Combined energy'!A6="","",'Combined energy'!A6) | B9: =IF('Combined energy'!B6="","",'Combined energy'!B6) | C9: =IF('Combined energy'!E6="","",'Combined energy'!E6) | D9: =IF('ATES energy'!E6="","",'ATES energy'!E6) | E9: =IF(OR(C9="",D9=""),"",C9-D9)
A10: =IF('Combined energy'!A7="","",'Combined energy'!A7) | B10: =IF('Combined energy'!B7="","",'Combined energy'!B7) | C10: =IF('Combined energy'!E7="","",'Combined energy'!E7) | D10: =IF('ATES energy'!E7="","",'ATES energy'!E7) | E10: =IF(OR(C10="",D10=""),"",C10-D10)
A11: =IF('Combined energy'!A8="","",'Combined energy'!A8) | B11: =IF('Combined energy'!B8="","",'Combined energy'!B8) | C11: =IF('Combined energy'!E8="","",'Combined energy'!E8) | D11: =IF('ATES energy'!E8="","",'ATES energy'!E8) | E11: =IF(OR(C11="",D11=""),"",C11-D11)
A12: =IF('Combined energy'!A9="","",'Combined energy'!A9) | B12: =IF('Combined energy'!B9="","",'Combined energy'!B9) | C12: =IF('Combined energy'!E9="","",'Combined energy'!E9) | D12: =IF('ATES energy'!E9="","",'ATES energy'!E9) | E12: =IF(OR(C12="",D12=""),"",C12-D12)
A13: =IF('Combined energy'!A10="","",'Combined energy'!A10) | B13: =IF('Combined energy'!B10="","",'Combined energy'!B10) | C13: =IF('Combined energy'!E10="","",'Combined energy'!E10) | D13: =IF('ATES energy'!E10="","",'ATES energy'!E10) | E13: =IF(OR(C13="",D13=""),"",C13-D13)
A14: =IF('Combined energy'!A11="","",'Combined energy'!A11) | B14: =IF('Combined energy'!B11="","",'Combined energy'!B11) | C14: =IF('Combined energy'!E11="","",'Combined energy'!E11) | D14: =IF('ATES energy'!E11="","",'ATES energy'!E11) | E14: =IF(OR(C14="",D14=""),"",C14-D14)
A15: =IF('Combined energy'!A12="","",'Combined energy'!A12) | B15: =IF('Combined energy'!B12="","",'Combined energy'!B12) | C15: =IF('Combined energy'!E12="","",'Combined energy'!E12) | D15: =IF('ATES energy'!E12="","",'ATES energy'!E12) | E15: =IF(OR(C15="",D15=""),"",C15-D15)
A16: =IF('Combined energy'!A13="","",'Combined energy'!A13) | B16: =IF('Combined energy'!B13="","",'Combined energy'!B13) | C16: =IF('Combined energy'!E13="","",'Combined energy'!E13) | D16: =IF('ATES energy'!E13="","",'ATES energy'!E13) | E16: =IF(OR(C16="",D16=""),"",C16-D16)
... A104: =IF('Combined energy'!A101="","",'Combined energy'!A101) | B104: =IF('Combined energy'!B101="","",'Combined energy'!B101) | C104: =IF('Combined energy'!E101="","",'Combined energy'!E101) | D104: =IF('ATES energy'!E101="","",'ATES energy'!E101) | E104: =IF(OR(C104="",D104=""),"",C104-D104)

Sheet Summary
A2: Case 1 summary
A5: Metric | B5: Value
A6: Maximum ATES-induced warming [degC] | B6: =IF(COUNT(Analysis!E5:E2004)=0,"",MAX(Analysis!E5:E2004))
A7: Maximum ATES-induced cooling [degC] | B7: =IF(COUNT(Analysis!E5:E2004)=0,"",MIN(Analysis!E5:E2004))
A8: Mean recovery with extraction [%] | B8: =IF(COUNT(Recovery!C5:C104)=0,"",AVERAGE(Recovery!C5:C104))
A9: Mean recovery without extraction [%] | B9: =IF(COUNT(Recovery!D5:D104)=0,"",AVERAGE(Recovery!D5:D104))
A10: Mean recovery difference [percentage points] | B10: =IF(COUNT(Recovery!E5:E104)=0,"",AVERAGE(Recovery!E5:E104))
